Year,LUC_livestock_MtCO2
2018,1528.3304999170664
2019,1543.4250509413691
2020,1585.4069296541663
2021,1490.656349799245
2022,1395.592402154694
