component,LUC_livestock_MtCO2,share_percent
Pasture,6602.570339063449,87.52764678460389
Feed,940.840893403092,12.47235321539611
